SUICIDE_SQUAD|EASY|SKELETON_SKULL
BOULETS_DE_CANON|EASY|FIRE_CHARGE
DEFORESTATION|EASY|IRON_AXE
ET_CA_FAIT_BIM_BAM_BOOM|EASY|TNT
TOP_CHEF|MEDIUM|CAKE
FORGERON|EASY|ANVIL
LA_DAME_DU_CDI|EASY|BOOK
VERS_L_INFINI_ET_AU_DELA|EASY|LADDER
INGENIEUR_INFORMATICIEN|EASY|REDSTONE_BLOCK
ALGOCULTEUR|EASY|DRIED_KELP_BLOCK
AUREVOIR_SABRINA|EASY|harming
HALLOWEEN|EASY|JACK_O_LANTERN
CA_COLLE|EASY|HONEY_BOTTLE
ETRANGE_POMME_D_AMOUR|EASY|GOLDEN_APPLE
MCDONALDS|EASY|POISONOUS_POTATO
FARMING_SIMULATOR|EASY|HAY_BLOCK
CAUCHEMAR_EN_CUISINE|EASY|SUSPICIOUS_STEW
SLIME_RANCHER|EASY|SLIME_BLOCK
FAUT_PAS_FLIPPER|EASY|dolphin
FEE_CLOCHARDE|EASY|FEATHER
ADDICT_DES_SEAUX|EASY|BUCKET
WOLF_GANG|EASY|BONE
NYAN_CAT|EASY|COD
WHAT_DOES_THE_FOX_SAY|EASY|fox
LE_CHEVAL_C_EST_TROP_GENIAL|EASY|horse
BONNE_NUIT_LES_PETITS|EASY|RED_BED
TOUT_EST_BON_DANS_LE_COCHON|EASY|PORKCHOP
TU_ES_GROSSE_MELISSANDRE|EASY|PUMPKIN_PIE
DESTRIER_DES_ENFERS|MEDIUM|strider
Y_A_DU_BAMBOU_LA|MEDIUM|BAMBOO
COLLECTIONNEUR|HARD|DIAMOND_BLOCK
TU_ES_UN_SORCIER_HARRY|MEDIUM|BREAD
BIENVENUE_EN_ENFER|EASY|OBSIDIAN
ARACHNOPHOBE|MEDIUM|cavespider
VOYAGE_AU_BOUT_DE_L_ENFER|MEDIUM|CRIMSON_HYPHAE
COFFRE_DU_NEANT|MEDIUM|ENDER_CHEST
TRESOR_ENFOUI|MEDIUM|HEART_OF_THE_SEA
INDIANA_JONES|MEDIUM|VINE
MERLIN_L_ENCHANTEUR|MEDIUM|ENCHANTING_TABLE
J_AI_LE_BATON_EN_FEU|EASY|BLAZE_ROD
SORTEZ_LES_MOUCHOIRS|MEDIUM|CRYING_OBSIDIAN
THE_WALKING_DEAD|MEDIUM|ZOMBIE_HEAD
SOS_FANTOMES|MEDIUM|PHANTOM_MEMBRANE
JE_VEUX_TES_YEUX|MEDIUM|ENDER_PEARL
CHATEAU_ROUGE|MEDIUM|RED_NETHER_BRICKS
OLD_TOWN_ROAD|EASY|SADDLE
TERRE_COLOREE|MEDIUM|WHITE_TERRACOTTA
BOB_L_EPONGE_CUBIQUE|HARD|SPONGE
MAYO_L_ABEILLE|HARD|HONEY_BLOCK
SOUS_L_OCEAN|MEDIUM|TROPICAL_FISH_BUCKET
AU_FOND_DES_PROFONDEURS|MEDIUM|ANCIENT_DEBRIS
EN_SUIVANT_LES_YEUX|HARD|MOSSY_STONE_BRICKS
ASSURANCE_VIE|HARD|TOTEM_OF_UNDYING
BIENVENUE_AU_PAYS_DES_SCHTROUMPFS|EXTREME|RED_MUSHROOM_BLOCK
QUI_DIT_MIEUX|HARD|NETHERITE_INGOT
C_EST_LA_FIN|HARD|END_PORTAL_FRAME
LA_PLUS_GROSSE_RACAILLE|MEDIUM|llama
MON_PRECIEUX|MEDIUM|AMETHYST_BLOCK
UN_BOUT_DE_CERBERE|HARD|WITHER_SKELETON_SKULL
DES_PAILLETTES_DANS_MA_VIE_KEVIN|EASY|GLOW_INK_SAC
REDBULL_DONNE_DES_AILES|HARD|CARROT_ON_A_STICK
BOULES_SCINTILLANTES|EASY|GLOW_BERRIES
LES_MYSTERIEUSES_CITES_D_OR|MEDIUM|GILDED_BLACKSTONE
CA_PIQUE|EASY|POINTED_DRIPSTONE
DANS_LE_MILLE|HARD|TARGET
COUP_DE_FOUDRE|MEDIUM|LIGHTNING_ROD
PIRATE_DES_CARAIBES|MEDIUM|parrot
POSEIDON|HARD|TRIDENT
NOUS_SOMMES_EN_GUERRE|MEDIUM|pillager
LIBEREE_DELIVREE|MEDIUM|IRON_CHAIN
COMBAT_D_ANTHOLOGIE|EASY|SNOWBALL
T_ES_PAS_NET_BAPTISTE|EASY|CANDLE
JESUS_DES_NEIGES|EASY|leatherBoots
CHARGE_A_BLOC|HARD|RESPAWN_ANCHOR
UNE_AFFAIRE_EN_OR|MEDIUM|piglin
PLUTOT_KROKMOU_OU_SPYRO|EXTREME|DRAGON_HEAD
SEANCE_JACUZZI|EASY|CAULDRON
OH_NO_MY_TABLE_IS_BROKEN|EASY|CRAFTING_TABLE
RETOUR_A_L_ENVOYEUR|MEDIUM|ghast
HALLUCINOGENES|EASY|BROWN_MUSHROOM
NOUVELLE_ENERGIE|EASY|DAYLIGHT_DETECTOR
LADY_GAGA|EASY|GOLDEN_HELMET
SAC_A_DOS_SAC_A_DOS|EXTREME|SHULKER_BOX
EXPERIMENTE|MEDIUM|EXPERIENCE_BOTTLE
MICHELANGELO|EASY|TURTLE_EGG
STONKS_INDUSTRIES|EASY|EMERALD
IL_EST_BON_MON_POISSON|HARD|elderGuardian
TRICOT|EASY|PURPLE_WOOL
OPTIMUM_PRIME|EASY|ironGolem
RECYCLAGE|EASY|COMPOSTER
BATMAN|MEDIUM|NAME_TAG
REMEDE_MAGIQUE|MEDIUM|regen
ARMURE_ETINCELANTE|HARD|diamondChestplate
JUSQU_AUX_CIEUX|EXTREME|BEACON
RAILS_DE_COKE|EASY|RAIL
C_EST_LA_FETE_DE_TROP|EASY|FIREWORK_ROCKET
DROLE_DE_PORTE_BONHEUR|MEDIUM|RABBIT_FOOT
TEMA_LA_TAILLE_DU_RAT|HARD|silverfish
REPARATION_EXPRESS|HARD|ENCHANTED_BOOK
COOKIE_MONSTER|MEDIUM|COOKIE
FISHING_PLANET|MEDIUM|SALMON
DUEL_DE_REGARD|EASY|enderman
MONSTER_HUNTER|MEDIUM|SPAWNER
DOCTOR_STRANGE|HARD|ROTTEN_FLESH
AFFAME|EASY|SPIDER_EYE
VIENS_A_MOI_SHENRON|EXTREME|END_CRYSTAL
APPELLE_MOI_MOISE|HARD|ICE
MARIO_CONTRE_BOWSER|MEDIUM|bowser
JACK_JE_VOLE|EXTREME|ELYTRA
ECRIS_L_HISTOIRE|EASY|WRITABLE_BOOK
BIENVENUE_AU_JAPON|EASY|CHERRY_SAPLING
ARCHEOLOGUE|EASY|HOWL_POTTERY_SHERD
LA_PRINCESSE_ET_LA_GRENOUILLE|MEDIUM|grenouille
CORNE_DE_BRUME|MEDIUM|GOAT_HORN
BELLE_BOSSE|MEDIUM|dromadaire
